sheet_ramon	750ae631-92d8-4ca5-b774-c3efa849b564	https://d8j0ntlcm91z4.cloudfront.net/user_36rhpN6isZPTRCy9pGYyP1nW9ev/hf_20260926_050759_750ae631-92d8-4ca5-b774-c3efa849b564.png
sheet_family	c35360f0-998c-490d-827d-7bec48a2a164	https://d8j0ntlcm91z4.cloudfront.net/user_36rhpN6isZPTRCy9pGYyP1nW9ev/hf_20260926_050759_c35360f0-998c-490d-827d-7bec48a2a164.png
side_ramon0	b9f9236e-3fd8-40c4-a266-2007345a67c1	https://d8j0ntlcm91z4.cloudfront.net/user_36rhpN6isZPTRCy9pGYyP1nW9ev/hf_20260926_051152_b9f9236e-3fd8-40c4-a266-2007345a67c1.png
side_ramon2	b68c41e4-a286-4c2a-9733-38b535e2197d	https://d8j0ntlcm91z4.cloudfront.net/user_36rhpN6isZPTRCy9pGYyP1nW9ev/hf_20260926_051151_b68c41e4-a286-4c2a-9733-38b535e2197d.png
side_ramon3	0f5c61fd-9e06-473b-9c98-47d5c72a1ae6	https://d8j0ntlcm91z4.cloudfront.net/user_36rhpN6isZPTRCy9pGYyP1nW9ev/hf_20260926_051151_0f5c61fd-9e06-473b-9c98-47d5c72a1ae6.png
side_ramon4	963bbf18-4d73-4c87-8d02-98d410971862	https://d8j0ntlcm91z4.cloudfront.net/user_36rhpN6isZPTRCy9pGYyP1nW9ev/hf_20260926_051152_963bbf18-4d73-4c87-8d02-98d410971862.png
side_lucia	40af5c54-b342-486e-990d-c0556e7770da	https://d8j0ntlcm91z4.cloudfront.net/user_36rhpN6isZPTRCy9pGYyP1nW9ev/hf_20260926_051151_40af5c54-b342-486e-990d-c0556e7770da.png
side_lucia_old	65165178-423d-4cbd-9a95-f5e310dcf255	https://d8j0ntlcm91z4.cloudfront.net/user_36rhpN6isZPTRCy9pGYyP1nW9ev/hf_20260926_051151_65165178-423d-4cbd-9a95-f5e310dcf255.png
side_alba	af5c3e28-a3ea-4e67-9f15-b18cdbffa497	https://d8j0ntlcm91z4.cloudfront.net/user_36rhpN6isZPTRCy9pGYyP1nW9ev/hf_20260926_051151_af5c3e28-a3ea-4e67-9f15-b18cdbffa497.png
side_alba_adult	58348ab2-2bc7-4516-b6a9-d7f1959ca7d4	https://d8j0ntlcm91z4.cloudfront.net/user_36rhpN6isZPTRCy9pGYyP1nW9ev/hf_20260926_051151_58348ab2-2bc7-4516-b6a9-d7f1959ca7d4.png
side_dog	06573340-21e7-4755-8d13-0529466eb227	https://d8j0ntlcm91z4.cloudfront.net/user_36rhpN6isZPTRCy9pGYyP1nW9ev/hf_20260926_051151_06573340-21e7-4755-8d13-0529466eb227.png
bg_0	797c9e02-f5b4-4be3-b59e-e4c91dd2b32e	https://d8j0ntlcm91z4.cloudfront.net/user_36rhpN6isZPTRCy9pGYyP1nW9ev/hf_20260926_051220_797c9e02-f5b4-4be3-b59e-e4c91dd2b32e.png
bg_1	8c48c5a7-18e5-4108-a866-ea95014dc8f8	https://d8j0ntlcm91z4.cloudfront.net/user_36rhpN6isZPTRCy9pGYyP1nW9ev/hf_20260926_051221_8c48c5a7-18e5-4108-a866-ea95014dc8f8.png
bg_2	9ef1e4a5-d936-48c5-9448-92bc94ac6504	https://d8j0ntlcm91z4.cloudfront.net/user_36rhpN6isZPTRCy9pGYyP1nW9ev/hf_20260926_051221_9ef1e4a5-d936-48c5-9448-92bc94ac6504.png
title	861def8e-b979-434c-a79f-2d435a63ac4e	https://d8j0ntlcm91z4.cloudfront.net/user_36rhpN6isZPTRCy9pGYyP1nW9ev/hf_20260926_051221_861def8e-b979-434c-a79f-2d435a63ac4e.png
bg_4	5d938aeb-4b20-4922-8547-02f24171f1f2	https://d8j0ntlcm91z4.cloudfront.net/user_36rhpN6isZPTRCy9pGYyP1nW9ev/hf_20260926_051221_5d938aeb-4b20-4922-8547-02f24171f1f2.png
vid_ramon0	e1c7c9f5-5b4c-4c6e-8523-d9fc00067402	https://d8j0ntlcm91z4.cloudfront.net/user_36rhpN6isZPTRCy9pGYyP1nW9ev/hf_20260926_051331_e1c7c9f5-5b4c-4c6e-8523-d9fc00067402.mp4
items_obst	d8bf1f8b-c9ea-4c10-b917-51c144897848	https://d8j0ntlcm91z4.cloudfront.net/user_36rhpN6isZPTRCy9pGYyP1nW9ev/hf_20260926_051448_d8bf1f8b-c9ea-4c10-b917-51c144897848.png
bgfix_1	31d55aff-64bd-429d-b09b-31337627ea4f	https://d8j0ntlcm91z4.cloudfront.net/user_36rhpN6isZPTRCy9pGYyP1nW9ev/hf_20260926_051545_31d55aff-64bd-429d-b09b-31337627ea4f.png
titlefix	1061be22-8a11-442a-866f-33caa5273c9b	https://d8j0ntlcm91z4.cloudfront.net/user_36rhpN6isZPTRCy9pGYyP1nW9ev/hf_20260926_051545_1061be22-8a11-442a-866f-33caa5273c9b.png
vid_ramon2	9f7692b1-9642-42c6-8c91-3ff0a15b1f99	
vid_ramon3	66159ba2-7e6f-4edc-9f5f-ff2c249251a1	
vid_ramon4	5dd087dd-8379-4a8c-bec5-4a245ba7d203	
vid_lucia	2dda1204-8d3a-4746-b999-3faedb0de136	
vid_lucia_old	cdafe9f4-7f11-42af-a35c-2b837f434fe8	
vid_alba	ebe04d16-5316-4e10-a9de-848308dd72e3	
vid_alba_adult	717a92e2-1c20-4a97-b2c5-57d6fd9a3cc1	
vid_dog	50ee12fe-227b-41f5-8069-b4cca4cf9c57	
items_coll	a8863dac-bbe5-4c9b-afaa-b6175a98b967	https://d8j0ntlcm91z4.cloudfront.net/user_36rhpN6isZPTRCy9pGYyP1nW9ev/hf_20260926_051448_a8863dac-bbe5-4c9b-afaa-b6175a98b967.png
